<project
    default="jar"
    xmlns:j="jelly:core"
    xmlns:u="jelly:util">

    <path id="command.classpath">
        <path refid="maven.dependency.classpath"/>
        <fileset dir="${maven.build.dir}">
            <include name="*.jar">
            </include>
        </fileset>
        <fileset dir="${maven.src.dir}/java"/>
    </path>

    <goal name="run-aggr">

        <java classname="com.sun.syndication.samples.FeedAggregator"
            output="toto">
            <arg value="rss_2.0"/>
            <arg value="http://blogs.sun.com/roller/rss/rome"/>
            <arg value="http://blogs.sun.com/roller/rss/tucu"/>
            <arg value="http://blogs.sun.com/roller/rss/pat"/>
            <classpath>
                <path refid="command.classpath"/>
            </classpath>
        </java>
        <concat>
            <filelist dir="." files="toto"/>
        </concat>
    </goal>
    <goal name="run-conv">
        <!-- should not have to fork here, but it produces errors for some people if we don't -->
        <java classname="com.sun.syndication.samples.FeedConverter"
            fork="true" output="toto">
            <arg value="rss_1.0"/>
            <arg value="http://blogs.sun.com/roller/rss/tucu"/>
            <classpath>
                <path refid="command.classpath"/>
            </classpath>
        </java>
        <concat>
            <filelist dir="." files="toto"/>
        </concat>
    </goal>
    <goal name="run-read">
        <!-- should not have to fork here, but it produces errors for some people if we don't -->
        <java classname="com.sun.syndication.samples.FeedReader"
            fork="true" output="toto">
            <arg value="http://www.nytimes.com/services/xml/rss/userland/HomePage.xml"/>
            <classpath>
                <path refid="command.classpath"/>
            </classpath>
        </java>
        <concat>
            <filelist dir="." files="toto"/>
        </concat>
    </goal>
    <goal name="run-write">
        <!-- should not have to fork here, but it produces errors for some people if we don't -->
        <java classname="com.sun.syndication.samples.FeedWriter"
            fork="true">
            <arg value="rss_0.92"/>
            <arg value="myfeed.xml"/>
            <classpath>
                <path refid="command.classpath"/>
            </classpath>
        </java>
    </goal>
    <goal name="run-sampleModule">
        <!-- should not have to fork here, but it produces errors for some people if we don't -->
        <java classname="com.sun.syndication.samples.FeedConverter"
            fork="true" output="toto">
            <arg value="rss_1.0"/>
            <arg value="file://${basedir}/src/data/FeedWithSampleModule.xml"/>
            <classpath>
                <path refid="command.classpath"/>
            </classpath>
        </java>
        <concat>
            <filelist dir="." files="toto"/>
        </concat>
    </goal>
</project>
