<?xml version="1.0"?>
<rss version="0.94">
    <channel>
        <title>rss_0.94.channel.title</title>
        <link>rss_0.94.channel.link</link>
        <description>rss_0.94.channel.description</description>
        <language>rss_0.94.channel.language</language>
        <rating>rss_0.94.channel.rating</rating>
        <copyright>rss_0.94.channel.copyright</copyright>
        <pubDate>Mon, 01 Jan 2001 00:00:00 GMT</pubDate>
        <lastBuildDate>Mon, 01 Jan 2001 01:00:00 GMT</lastBuildDate>
        <docs>rss_0.94.channel.docs</docs>
        <managingEditor>rss_0.94.channel.managingEditor</managingEditor>
        <webMaster>rss_0.94.channel.webMaster</webMaster>

        <category domain="rss_0.94.channel.category[0]^domain">rss_0.94.channel.category[0]</category>
        <category domain="rss_0.94.channel.category[1]^domain">rss_0.94.channel.category[1]</category>
        <generator>rss_0.94.channel.generator</generator>
        <ttl>100</ttl>

        <image>
            <title>rss_0.94.channel.image.title</title>
            <url>rss_0.94.channel.image.url</url>
            <link>rss_0.94.channel.image.link</link>
            <width>100</width>
            <height>200</height>
            <description>rss_0.94.channel.image.description</description>
        </image>
        <item>
            <title>rss_0.94.channel.item[0].title</title>
            <description>rss_0.94.channel.item[0].description</description>
            <link>rss_0.94.channel.item[0].link</link>
            <source url="rss_0.94.channel.item[0].source^url">rss_0.94.channel.item[0].source</source>
            <enclosure url="rss_0.94.channel.item[0].enclousure[0]^url" length="100"
                       type="rss_0.94.channel.item[0].enclousure[0]^type"/>
            <enclosure url="rss_0.94.channel.item[0].enclousure[1]^url" length="100"
                       type="rss_0.94.channel.item[0].enclousure[1]^type"/>
            <category domain="rss_0.94.channel.item[0].category[0]^domain">rss_0.94.channel.item[0].category[0]</category>
            <category domain="rss_0.94.channel.item[0].category[1]^domain">rss_0.94.channel.item[0].category[1]</category>
            <pubDate>Mon, 01 Jan 2001 00:00:00 GMT</pubDate>
            <expirationDate>Mon, 01 Jan 2001 01:00:00 GMT</expirationDate>
            <author>rss_0.94.channel.item[0].author</author>
            <comments>rss_0.94.channel.item[0].comments</comments>
            <guid isPermaLink="true">rss_0.94.channel.item[0].guid</guid>
        </item>
        <item>
            <title>rss_0.94.channel.item[1].title</title>
            <description>rss_0.94.channel.item[1].description</description>
            <link>rss_0.94.channel.item[1].link</link>
            <source url="rss_0.94.channel.item[1].source^url">rss_0.94.channel.item[1].source</source>
            <enclosure url="rss_0.94.channel.item[1].enclousure[0]^url" length="100"
                       type="rss_0.94.channel.item[1].enclousure[0]^type"/>
            <enclosure url="rss_0.94.channel.item[1].enclousure[1]^url" length="100"
                       type="rss_0.94.channel.item[1].enclousure[1]^type"/>
            <category domain="rss_0.94.channel.item[1].category[0]^domain">rss_0.94.channel.item[1].category[0]</category>
            <category domain="rss_0.94.channel.item[1].category[1]^domain">rss_0.94.channel.item[1].category[1]</category>
            <pubDate>Mon, 02 Jan 2001 00:00:00 GMT</pubDate>
            <expirationDate>Mon, 02 Jan 2001 01:00:00 GMT</expirationDate>
            <author>rss_0.94.channel.item[1].author</author>
            <comments>rss_0.94.channel.item[1].comments</comments>
            <guid isPermaLink="true">rss_0.94.channel.item[1].guid</guid>
        </item>

        <textInput>
            <title>rss_0.94.channel.textInput.title</title>
            <description>rss_0.94.channel.textInput.description</description>
            <name>rss_0.94.channel.textInput.name</name>
            <link>rss_0.94.channel.textInput.link</link>
        </textInput>
        <skipHours>
            <hours>1</hours>
            <hours>2</hours>
            <hours>3</hours>
            <hours>4</hours>
            <hours>5</hours>
            <hours>6</hours>
            <hours>7</hours>
            <hours>8</hours>
            <hours>9</hours>
            <hours>10</hours>
            <hours>11</hours>
            <hours>12</hours>
            <hours>13</hours>
            <hours>14</hours>
            <hours>15</hours>
            <hours>16</hours>
            <hours>17</hours>
            <hours>18</hours>
            <hours>19</hours>
            <hours>20</hours>
            <hours>21</hours>
            <hours>23</hours>
            <hours>24</hours>
        </skipHours>
        <skipdays>
          <day>Monday</day>
          <day>Tuesday</day>
          <day>Wednesday</day>
          <day>Thursday</day>
          <day>Friday</day>
          <day>Saturday</day>
          <day>Sunday</day>
        </skipdays>
        <cloud domain="rss_0.94.channel.cloud^domain" port="100" path="rss_0.94.channel.cloud^path"
                registerProcedure="rss_0.94.channel.cloud^registerProcedure"
                protocol="rss_0.94.channel.cloud^protocol"/>
    </channel>
</rss>