<?xml version="1.0" encoding="ISO-8859-1"?>
<project>
	<pomVersion>3</pomVersion>
	<id>rome-propono</id>
	<name>ROME subproject Propono</name>
	<groupId>rome</groupId>
	<currentVersion>0.6</currentVersion>
	<organization>
		<name>Sun Microsystems</name>
		<url>http://java.sun.com/</url>
	</organization>
	<inceptionYear>2007</inceptionYear>
	<package>com.sun.syndication.propono</package>
	<shortDescription>
        ROME subproject Propono provides Blog Client, 
        Atom Client and Atom server libraries
    </shortDescription>
	
    <dependencies>
		<dependency>
			<groupId>jdom</groupId>
			<artifactId>jdom</artifactId>
			<version>1.0</version>
		</dependency>
        <dependency>
            <groupId>javax.activation</groupId>
            <artifactId>activation</artifactId>
            <version>1.1</version>
        </dependency>
		<dependency>
			<groupId>rome</groupId>
			<artifactId>rome</artifactId>
			<version>0.9</version>
		</dependency>
		<dependency>
			<groupId>commons-httpclient</groupId>
			<artifactId>commons-httpclient</artifactId>
			<version>3.0.1</version>
		</dependency>
		<dependency>
			<groupId>commons-collections</groupId>
			<artifactId>commons-collections</artifactId>
			<version>3.2</version>
		</dependency>
		<dependency>
			<groupId>commons-beanutils</groupId>
			<artifactId>commons-beanutils</artifactId>
			<version>1.6</version>
		</dependency>
		<dependency>
			<groupId>commons-lang</groupId>
			<artifactId>commons-lang</artifactId>
			<version>2.0</version>
		</dependency>
		<dependency>
			<groupId>commons-logging</groupId>
			<artifactId>commons-logging</artifactId>
			<version>1.0.4</version>
		</dependency>
		<dependency>
			<groupId>commons-logging</groupId>
			<artifactId>commons-logging-api</artifactId>
			<version>1.0.4</version>
		</dependency>
		<dependency>
			<groupId>commons-codec</groupId>
			<artifactId>commons-codec</artifactId>
			<version>1.3</version>
		</dependency>
		<dependency>
			<groupId>xmlrpc</groupId>
			<artifactId>xmlrpc-common</artifactId>
			<version>3.0</version>
		</dependency>
		<dependency>
			<groupId>xmlrpc</groupId>
			<artifactId>xmlrpc-client</artifactId>
			<version>3.0</version>
		</dependency>
		<dependency>
			<groupId>ws-commons-util</groupId>
			<artifactId>ws-commons-util</artifactId>
			<version>1.0.1</version>
		</dependency>
		<dependency>
			<!-- Only required at compile time for testing -->
			<id>servletapi</id>
			<version>2.3</version>
		</dependency>
		<dependency>
			<!-- Only required at compile time for testing -->
			<groupId>jetty</groupId>
			<artifactId>jetty</artifactId>
			<version>4.2.12</version>
		</dependency>
	</dependencies>

	<build>
		<sourceDirectory>src/java</sourceDirectory>
        <resources>
			<resource>
				<directory>src/java</directory>
				<includes>
					<include>**/*.properties</include>
				</includes>
			</resource>
			<resource>
				<directory>src/javadoc</directory>
				<includes>
					<include>**/*.html</include>
					<include>**/*.gif</include>
				</includes>
			</resource>
		</resources>
		<unitTestSourceDirectory>test/java</unitTestSourceDirectory>
		<unitTest>
			<includes>
				<include>**/*Test.java</include>
			</includes>
			<excludes>
				<exclude>**/client/*.java</exclude>
				<exclude>**/blogclient/*.java</exclude>
			</excludes>
			<resources>
				<resource>
					<directory>test/java</directory>
					<includes>
						<include>**/*.xml</include>
						<include>**/*.properties</include>
					</includes>
				</resource>
			</resources>
		</unitTest>
	</build>
    
	<reports>
	    <report>maven-jdepend-plugin</report>
	    <report>maven-junit-report-plugin</report>
	    <report>maven-jxr-plugin</report>
	    <report>maven-pmd-plugin</report>
	    <report>maven-simian-plugin</report>
	    <report>maven-tasklist-plugin</report>
	</reports>
</project>

