<?xml version="1.0" encoding="ISO-8859-1"?>
<project>
	<pomVersion>3</pomVersion>
	<id>rome-fetcher</id>
	<name>Rome HTTP Fetcher</name>
	<groupId>rome</groupId>
	<currentVersion>0.3</currentVersion>
	<organization>
		<name>Sun Microsystems</name>
		<url>http://java.sun.com/</url>
	</organization>
	<inceptionYear>2004</inceptionYear>
	<package>com.sun.syndication.fetcher</package>
	<shortDescription>Rome HTTP Fetcher</shortDescription>
	<dependencies>
		<dependency>
			<groupId>jdom</groupId>
			<artifactId>jdom</artifactId>
			<version>b10</version>
		</dependency>
		<dependency>
			<groupId>rome</groupId>
			<artifactId>rome</artifactId>
			<version>0.3</version>
		</dependency>
		<dependency>
			<!-- Only required at compile time for testing -->
			<id>servletapi</id>
			<version>2.3</version>
		</dependency>
		<dependency>
			<!-- Only required at compile time for testing -->
			<groupId>jetty</groupId>
			<artifactId>jetty</artifactId>
			<version>4.2.12</version>
		</dependency>
	</dependencies>

	<build>
		<sourceDirectory>src/java</sourceDirectory>
		<resources>
			<resource>
				<directory>src/java</directory>
				<includes>
					<include>**/*.properties</include>
				</includes>
			</resource>
		</resources>
		<unitTestSourceDirectory>src/test</unitTestSourceDirectory>
		<unitTest>
			<includes>
				<include>**/*Test.java</include>
			</includes>
			<excludes>
				<exclude>**/*Servlet.java</exclude>
				<exclude>**/HttpURLFeedFetcherTest.java</exclude>				
			</excludes>
			<resources>
				<resource>
					<directory>src/test</directory>
					<includes>
						<include>**/*.xml</include>
					</includes>
				</resource>
			</resources>
		</unitTest>
	</build>
</project>

