<?xml version="1.0"?>
<rdf:RDF xmlns:rdf="http://www.w3.org/1999/02/22-rdf-syntax-ns#"
         xmlns="http://purl.org/rss/1.0/"
         xmlns:sample="http://rome.dev.java.net/module/sample/1.0">


    <channel>
        <title>RSS 1.0 Feed with Sample Module</title>
        <link>http://rome.dev.java.net</link>
        <description>This is a feed showing how to use a custom module with Rome</description>

        <items>
            <rdf:Seq>
                <rdf:li resource="item01" />
                <rdf:li resource="item02" />
            </rdf:Seq>
        </items>
        <sample:bar>Channel bar</sample:bar>
        <sample:foo>Channel first foo</sample:foo>
        <sample:foo>Channel second foo</sample:foo>
    </channel>

    <item rdf:about="item01">
        <title>Title of Item 01</title>
        <link>http://rome.dev.java.net/item01</link>
        <description>Item 01 does not have Sample module data</description>
    </item>

    <item rdf:about="item02">
        <title>Title of Item 02</title>
        <link>http://rome.dev.java.net/item02</link>
        <description>Item 02 has Sample module data</description>
        <sample:bar>Item 02 bar</sample:bar>
        <sample:foo>Item 02 only foo</sample:foo>
        <sample:date>2004-07-27T00:00+00:00</sample:date>
    </item>

</rdf:RDF>

