<project
  default="nightly-build"
  xmlns:j="jelly:core"
  xmlns:u="jelly:util">

<path id="command.classpath">
	  <path refid="maven.dependency.classpath"/>
	        <fileset dir="${maven.build.dir}">
	          <include name="*.jar">
	          </include>
	        </fileset>
</path>	

  <goal name="run-aggr">

	<java classname="com.sun.syndication.samples.FeedAggregator"
		  output="toto">
		<arg value="rss_2.0"/>
		<arg value="http://blogs.sun.com/roller/rss/rome"/>
		<arg value="http://blogs.sun.com/roller/rss/tucu"/>
		<arg value="http://blogs.sun.com/roller/rss/pat"/>
	      <classpath>
<path refid="command.classpath"/>
  		      </classpath>
     </java>	
  	<concat>
    		 <filelist dir="." files="toto"/>
 	</concat>
  </goal>
  <goal name="run-conv">
	<java classname="com.sun.syndication.samples.FeedConverter"
		  output="toto">
		<arg value="rss_1.0"/>
		<arg value="http://blogs.sun.com/roller/rss/tucu"/>
	      <classpath>
<path refid="command.classpath"/>
	      </classpath>
     </java>	
  	<concat>
    		 <filelist dir="." files="toto"/>
 	</concat>
	</goal>
  <goal name="run-read">
	<java classname="com.sun.syndication.samples.FeedReader"
		  output="toto">
		<arg value="http://blogs.sun.com/roller/rss/tucu"/>
	      <classpath>
<path refid="command.classpath"/>
	      </classpath>
     </java>	
  	<concat>
    		 <filelist dir="." files="toto"/>
 	</concat>
	</goal>
</project>