<?xml version="1.0" encoding="ISO-8859-1"?>
<project>

  <pomVersion>3</pomVersion>

  <id>rome-samples</id>

  <name>Rome samples</name>

  <groupId>rome</groupId>

  <currentVersion>0.2</currentVersion>

  <organization>
    <name>Sun Microsystems</name>
    <url>http://java.sun.com/</url>
  </organization>

  <inceptionYear>2004</inceptionYear>
  <package>com.sun.syndication.samples</package>

  <shortDescription>Rome v0.2 Tutorials sample code</shortDescription>

  <dependencies>
    <dependency>
      <groupId>jdom</groupId>
      <artifactId>jdom</artifactId>
      <version>b10</version>
    </dependency>
    <dependency>
      <groupId>rome</groupId>
      <artifactId>rome</artifactId>
      <version>0.2</version>
    </dependency>
  </dependencies>

  <build>
    <sourceDirectory>src/java</sourceDirectory>
  </build>

</project>
