<?xml version="1.0" encoding="utf-8"?>
<feed xmlns='http://www.w3.org/2005/Atom' xml:lang='en-us'>
  <title>atom_1.0.feed.title</title>
  <link rel="self" type="text/html" href="http://example.com/blog/atom_1.0.xml"/>
  <link rel="alternate" type="text/html" href="http://example.com/blog"/>
  <author>
    <name>atom_1.0.feed.author.name</name>
    <uri>http://example.com</uri>
    <email>author0@example.com</email>
  </author>
  <contributor>
    <name>atom_1.0.feed.contributor.name</name>
    <uri>http://example.com</uri>
    <email>author1@example.com</email>
  </contributor>
  <subtitle type="html">atom_1.0.feed.tagline</subtitle>
  <id>http://example.com/blog/atom_1.0.xml</id>
  <generator uri="http://example.com/test">atom_1.0.feed.generator</generator>
<rights>atom_1.0.feed.copyright</rights>
  <updated>2000-01-01T00:00:00Z</updated>
  <entry>
    <title>atom_1.0.feed.entry[0].title</title>
    <link rel="alternate" type="text/html"
          href="http://example.com/blog/entry1"/>
    <id>http://example.com/blog/entry1</id>
    <author>
      <name>atom_1.0.feed.entry[0].author.name</name>
      <uri>http://example.com</uri>
      <email>author0@example.com</email>
    </author>
    <contributor>
      <name>atom_1.0.feed.entry[0].contributor.name</name>
      <uri>http://example.com</uri>
      <email>author1@example.com</email>
    </contributor>
    <updated>2000-01-01T00:00:00Z</updated>
    <published>2000-01-01T01:00:00Z</published>
    <summary type="html">atom_1.0.feed.entry[0].summary</summary>
    <content type="html">atom_1.0.feed.entry[0].content[0]</content>
  </entry>
    <entry>
      <title>atom_1.0.feed.entry[1].title</title>
      <link rel="alternate" type="text/html"
            href="http://example.com/blog/entry2"/>
      <id>http://example.com/blog/entry2</id>
      <author>
        <name>atom_1.0.feed.entry[1].author.name</name>
        <uri>http://example.com</uri>
        <email>author0@example.com</email>
      </author>
      <contributor>
        <name>atom_1.0.feed.entry[1].contributor.name</name>
        <uri>http://example.com</uri>
        <email>author1@example.com</email>
      </contributor>
      <updated>2000-02-01T00:00:00Z</updated>
      <published>2000-02-01T01:00:00Z</published>
      <summary type="html">atom_1.0.feed.entry[1].summary</summary>
      <content type="html">atom_1.0.feed.entry[1].content[0]</content>
    </entry>
</feed>
