<?xml version="1.0" encoding="ISO-8859-1"?>
<project>

  <pomVersion>3</pomVersion>

  <id>rome</id>

  <name>Rome, Atom/RSS Java utilities</name>

  <groupId>rome</groupId>

  <currentVersion>0.5</currentVersion>

  <organization>
    <name>Sun Microsystems</name>
    <url>http://java.sun.com/</url>
  </organization>

  <inceptionYear>2004</inceptionYear>
  <package>com.sun.syndication</package>

  <shortDescription>All Roads Lead to Rome: Java utilities to manage syndication feeds in Atom/RSS</shortDescription>

  <description>
      All Roads Lead to Rome.
      Rome is a set of Atom/RSS Java utilities that make it easy to work in Java with most syndication formats.
      Today it accepts all flavors of RSS (0.90, 0.91, 0.92, 0.93, 0.94, 1.0 and 2.0) and Atom 0.3 feeds.
      Rome includes a set of parsers and generators for the various flavors of feeds, as well as converters to convert from one format to another.
      The parsers can give you back Java objects that are either specific for the format you want to work with, or a generic normalized SyndFeed object that lets you work on with the data without bothering about the underlying format.
  </description>

  <url>https://rome.dev.java.net/</url>
  <issueTrackingUrl>
    https://rome.dev.java.net/servlets/ProjectIssues
  </issueTrackingUrl>
  <siteAddress>rome.dev.java.net</siteAddress>
<!--  <siteDirectory>
    /home1/webserver/docs/rome/
  </siteDirectory>
  <distributionSite>
    dontknow.red.iplanet.com
  </distributionSite>
  <distributionDirectory>
    /home1/webserver/docs/builds/
  </distributionDirectory>
-->

  <repository>
    <connection>
      scm:cvs:pserver:guest@cvs.dev.java.net:/cvs:rome
    </connection>
     <url>
      https://rome.dev.java.net/source/browse/rome/
    </url> -->
  </repository>

  <versions>
    <version>
      <id>0.1</id>
      <name>0.1</name>
      <tag>v-0-1</tag>
    </version>
    <version>
      <id>0.2</id>
      <name>0.2</name>
      <tag>v-0-2</tag>
    </version>
<!--    <version>
      <id>b4</id>
      <name>1.0-b4</name>
      <tag>HEAD</tag>
    </version> -->
  </versions>

  <mailingLists>
    <mailingList>
      <name>dev@rome.dev.java.net</name>
      <subscribe>
        https://rome.dev.java.net/servlets/ProjectMailingListList
      </subscribe>
      <unsubscribe>
        https://rome.dev.java.net/servlets/ProjectMailingListList
      </unsubscribe>
      <archive>
        https://rome.dev.java.net/servlets/SummarizeList?listName=dev
      </archive> -->
    </mailingList>
  </mailingLists>

  <developers>

    <developer>
      <name>Alejandro Abdelnur</name>
      <id>tucu</id>
      <email>alejandro.abdelnur@sun.com</email>
      <organization>Sun Microsystems - Software - NICP</organization>
      <roles>
          <role>Inventor</role>
          <role>Architect</role>
          <role>Developer</role>
          <role>Documenter</role>
      </roles>
      <url>http://blog.sun.com/roller/page/tucu/</url>
      <timezone>0</timezone>
    </developer>

    <developer>
      <name>Elaine Chien</name>
      <id>echien</id>
      <email>elaine.chien@sun.com</email>
      <organization>Sun Microsystems - Software - NICP</organization>
      <roles>
          <role>Developer</role>
          <role>Documenter</role>
          <role>Reviewer</role>
      </roles>
      <timezone>0</timezone>
    </developer>

    <developer>
      <name>Patrick Chanezon</name>
      <id>pc108880</id>
      <email>patrick.chanezon@sun.com</email>
      <organization>Sun Microsystems - Software - NICP</organization>
      <roles>
          <role>Instigator</role>
          <role>Developer</role>
          <role>Documenter</role>
          <role>Evangelist</role>
          <role>Unit Tester</role>
          <role>Reviewer</role>
      </roles>
      <url>http://www.chanezon.com/pat/weblog/</url>
      <timezone>-9</timezone>
    </developer>

  </developers>

  <dependencies>
    <dependency>
      <groupId>jdom</groupId>
      <artifactId>jdom</artifactId>
      <version>1.0</version>
    </dependency>
  </dependencies>

  <!-- build information for the project -->
  <build>
    <nagEmailAddress>
      dev@rome.dev.java.net
    </nagEmailAddress>

    <sourceDirectory>src/java</sourceDirectory>

    <unitTestSourceDirectory>src/test</unitTestSourceDirectory>

    <!-- Unit test cases -->
    <unitTest>
      <includes>
        <include>**/Test*.java</include>
      </includes>
<!--      <excludes>
        <exclude>**/RepositoryTest.java</exclude>
      </excludes>
-->
      <resources>
        <resource>
          <directory>${basedir}/src/data</directory>
          <includes>
            <include>**/*.xml</include>
          </includes>
        </resource>
      </resources>
    </unitTest>


    <resources>
      <resource>
        <directory>src/java</directory>
        <includes>
          <include>**/*.properties</include>
        </includes>
      </resource>
    </resources>
  </build>

</project>

