<?xml version="1.0" encoding="UTF-8"?>
<project-private xmlns="http://www.netbeans.org/ns/project-private/1">
    <editor-bookmarks xmlns="http://www.netbeans.org/ns/editor-bookmarks/1"/>
    <open-files xmlns="http://www.netbeans.org/ns/projectui-open-files/1">
        <file>file:/Users/dave/src/rome/subprojects/propono/src/java/com/sun/syndication/propono/atom/client/ClientCollection.java</file>
        <file>file:/Users/dave/src/rome/subprojects/propono/src/java/com/sun/syndication/propono/atom/client/EntryIterator.java</file>
        <file>file:/Users/dave/src/rome/subprojects/propono/src/java/com/sun/syndication/propono/blogclient/atomprotocol/AtomBlog.java</file>
        <file>file:/Users/dave/src/rome/subprojects/propono/src/java/com/sun/syndication/propono/blogclient/atomprotocol/AtomEntryIterator.java</file>
        <file>file:/Users/dave/src/rome/subprojects/propono/test/java/com/sun/syndication/propono/blogclient/SimpleBlogClientTest.java</file>
    </open-files>
</project-private>
