<?xml version="1.0" encoding="ISO-8859-1"?>
<project default="dobuild" xmlns:j="jelly:core" xmlns:u="jelly:util" xmlns:ant="jelly:ant">
    
    <path id="command.classpath">
    <path refid="maven.dependency.classpath" />
        <fileset dir="${maven.build.dir}">
            <include name="*.jar">
            </include>
        </fileset>
    </path>
    
    <preGoal name="java:compile">
        <echo>Setting version number to ${pom.currentVersion}</echo>
        <echo file="./src/java/propono-version.properties">rome.propono.version=${pom.currentVersion}</echo>
    </preGoal>
    
    <goal name="dobuild">
        <j:set var="goals" value="clean,java:compile,test,javadoc,jar:install" />
        <u:tokenize var="goals" delim=",">${goals}</u:tokenize>
        <j:forEach items="${goals}" var="goal" indexVar="goalNumber">
            <attainGoal name="${goal}" />
        </j:forEach>
    </goal>
    
</project>
