<?xml version="1.0"?>
<rdf:RDF xmlns:rdf="http://www.w3.org/1999/02/22-rdf-syntax-ns#"
         xmlns="http://my.netscape.com/rdf/simple/0.9/">
    <channel>
        <title>rss_0.90.channel.title</title>
        <link>rss_0.90.channel.link</link>
        <description>rss_0.90.channel.description</description>
    </channel>
    <image>
        <title>rss_0.90.image.title</title>
        <url>rss_0.90.image.url</url>
        <link>rss_0.90.image.link</link>
    </image>
    <textinput>
        <title>rss_0.90.textinput.title</title>
        <description>rss_0.90.textinput.description</description>
        <name>rss_0.90.textinput.name</name>
        <link>rss_0.90.textinput.link</link>
    </textinput>
    <item>
        <title>rss_0.90.item[0].title</title>
        <link>rss_0.90.item[0].link</link>
    </item>
    <item>
        <title>rss_0.90.item[1].title</title>
        <link>rss_0.90.item[1].link</link>
    </item>
</rdf:RDF>