<?xml version="1.0"?>
<!DOCTYPE rss PUBLIC "-//Netscape Communications//DTD RSS 0.91//EN"
                     "http://my.netscape.com/publish/formats/rss-0.91.dtd">

<rss version="0.91">
    <channel>
        <title>rss_0.91.channel.title</title>
        <link>rss_0.91.channel.link</link>
        <description>rss_0.91.channel.description</description>
        <language>rss_0.91.channel.language</language>
        <rating>rss_0.91.channel.rating</rating>
        <copyright>rss_0.91.channel.copyright</copyright>
        <pubDate>Mon, 01 Jan 2001 00:00:00 GMT</pubDate>
        <lastBuildDate>Mon, 01 Jan 2001 01:00:00 GMT</lastBuildDate>
        <docs>rss_0.91.channel.docs</docs>
        <managinEditor>rss_0.91.channel.managingEditor</managinEditor>
        <webMaster>rss_0.91.channel.webMaster</webMaster>
        <image>
            <title>rss_0.91.channel.image.title</title>
            <url>rss_0.91.channel.image.url</url>
            <link>rss_0.91.channel.image.link</link>
            <width>100</width>
            <height>200</height>
            <description>rss_0.91.channel.image.description</description>
        </image>
        <item>
            <title>rss_0.91.channel.item[0].title</title>
            <description>rss_0.91.channel.item[0].description</description>
            <link>rss_0.91.channel.item[0].link</link>
        </item>
        <item>
            <title>rss_0.91.channel.item[1].title</title>
            <description>rss_0.91.channel.item[1].description</description>
            <link>rss_0.91.channel.item[1].link</link>
        </item>
        <textinput>
            <title>rss_0.91.channel.textinput.title</title>
            <description>rss_0.91.channel.textinput.description</description>
            <name>rss_0.91.channel.textinput.name</name>
            <link>rss_0.91.channel.textinput.link</link>
        </textinput>
        <skipHours>
            <hours>0</hours>
            <hours>1</hours>
            <hours>2</hours>
            <hours>3</hours>
            <hours>4</hours>
            <hours>5</hours>
            <hours>6</hours>
            <hours>7</hours>
            <hours>8</hours>
            <hours>9</hours>
            <hours>10</hours>
            <hours>11</hours>
            <hours>12</hours>
            <hours>13</hours>
            <hours>14</hours>
            <hours>15</hours>
            <hours>16</hours>
            <hours>17</hours>
            <hours>18</hours>
            <hours>19</hours>
            <hours>20</hours>
            <hours>21</hours>
            <hours>23</hours>
        </skipHours>
        <skipdays>
          <day>Monday</day>
          <day>Tuesday</day>
          <day>Wednesday</day>
          <day>Thursday</day>
          <day>Friday</day>
          <day>Saturday</day>
          <day>Sunday</day>
        </skipdays>
    </channel>
</rss>
