<?xml version="1.0" encoding="ISO-8859-1"?>
<project>

  <pomVersion>3</pomVersion>

  <id>rome-samples</id>

  <name>Rome samples</name>

  <groupId>rome</groupId>

  <currentVersion>0.1</currentVersion>

  <organization>
    <name>Sun Microsystems</name>
    <url>http://java.sun.com/</url>
  </organization>
  
  <inceptionYear>2004</inceptionYear>
  <package>com.sun.syndication.samples</package>

  <shortDescription>Rome v0.1 Tutorials sample code</shortDescription>

  <dependencies>
    <dependency>
      <groupId>xerces</groupId>
      <artifactId>xerces</artifactId>
      <version>2.4.0</version>
    </dependency>
    <dependency>
      <groupId>jdom</groupId>
      <artifactId>jdom</artifactId>
      <version>b10</version>
    </dependency>
    <dependency>
      <groupId>commons-codec</groupId>
      <artifactId>commons-codec</artifactId>
      <version>1.2</version>
    </dependency>
    <dependency>
      <groupId>rome</groupId>
      <artifactId>rome</artifactId>
      <version>0.1</version>
    </dependency>
  </dependencies>

  <build>
    <sourceDirectory>src/java</sourceDirectory>
  </build>

</project>
